{"stats":{"minecraft:mined":{"minecraft:tnt":291},"minecraft:custom":{"minecraft:jump":13,"minecraft:time_since_rest":6357,"minecraft:play_one_minute":12409,"minecraft:crouch_one_cm":367,"minecraft:damage_taken":250,"minecraft:leave_game":6,"minecraft:sprint_one_cm":3892,"minecraft:time_since_death":6329,"minecraft:walk_one_cm":11107,"minecraft:deaths":1,"minecraft:sneak_time":332,"minecraft:fall_one_cm":2331,"minecraft:fly_one_cm":235121},"minecraft:used":{"minecraft:ice":10,"minecraft:trapped_chest":1}},"DataVersion":2584}