{
    "glide.humid_boost": {
        "sounds": [
            "minecraft:mg_glide/humid_boost"
        ]
    },
    "glide.kind_point": {
        "sounds": [
            "minecraft:mg_glide/kind_point1",
            "minecraft:mg_glide/kind_point2"
        ]
    },
    "glide.respawn": {
        "sounds": [
            "minecraft:mg_glide/respawn"
        ]
    },
    "glide.gold_point": {
        "sounds": [
            "minecraft:mg_glide/gold_point1",
            "minecraft:mg_glide/gold_point2"
        ]
    },
    "glide.hit": {
        "sounds": [
            "minecraft:mg_glide/hit1",
            "minecraft:mg_glide/hit2",
            "minecraft:mg_glide/hit3"
        ]
    },
    "glide.diamond_point": {
        "sounds": [
            "minecraft:mg_glide/diamond_point"
        ]
    },
    "glide.finish_line": {
        "sounds": [
            "minecraft:mg_glide/finish_line"
        ]
    },
    "glide.finish_line_best_score": {
        "sounds": [
            "minecraft:mg_glide/finish_line_best_score"
        ]
    },
    "glide.finish_line_best_time": {
        "sounds": [
            "minecraft:mg_glide/finish_line_best_time"
        ]
    },
    "glide.finish_line_1st": {
        "sounds": [
            "minecraft:mg_glide/finish_line"
        ]
    },
    "glide.finish_line_1st_best_score": {
        "sounds": [
            "minecraft:mg_glide/finish_line"
        ]
    },
    "glide.finish_line_1st_best_time": {
        "sounds": [
            "minecraft:mg_glide/finish_line_1st_best_time"
        ]
    },
    "glide.finish_line_2nd": {
        "sounds": [
            "minecraft:mg_glide/finish_line_2nd"
        ]
    },
    "glide.finish_line_2nd_best_score": {
        "sounds": [
            "minecraft:mg_glide/finish_line_2nd_best_score"
        ]
    },
    "glide.finish_line_2nd_best_time": {
        "sounds": [
            "minecraft:mg_glide/finish_line_2nd_best_time"
        ]
    },
    "glide.finish_line_3rd": {
        "sounds": [
            "minecraft:mg_glide/finish_line_3rd"
        ]
    },
    "glide.finish_line_3rd_best_score": {
        "sounds": [
            "minecraft:mg_glide/finish_line_3rd_best_score"
        ]
    },
    "glide.finish_line_3rd_best_time": {
        "sounds": [
            "minecraft:mg_glide/finish_line_3rd_best_time"
        ]
    },
    "glide.best_score": {
        "sounds": [
            "minecraft:mg_glide/best_score"
        ]
    },
    "glide.best_time": {
        "sounds": [
            "minecraft:mg_glide/best_time"
        ]
    },
    "glide.boost": {
        "sounds": [
            "minecraft:mg_glide/boost"
        ]
    },
    "glide.cd_zero": {
        "sounds": [
            "minecraft:mg_glide/cd_zero"
        ]
    },
    "glide.checkpoint": {
        "sounds": [
            "minecraft:mg_glide/checkpoint"
        ]
    },
    "glide.chippy_point": {
        "sounds": [
            "minecraft:mg_glide/chippy_point1",
            "minecraft:mg_glide/chippy_point2"
        ]
    },
    "glide.death": {
        "sounds": [
            "minecraft:mg_glide/death1",
            "minecraft:mg_glide/death2",
            "minecraft:mg_glide/death3",
            "minecraft:mg_glide/death4"
        ]
    },


    "glide.music.pack3_celts": {
        "sounds": [
            "minecraft:mg_glide/music/mg03_vanilla_pack3_celts1",
            "minecraft:mg_glide/music/mg03_vanilla_pack3_celts2"
        ]
    },
    "glide.music.pack3_icarus": {
        "sounds": [
            "minecraft:mg_glide/music/mg03_greek_pack3_icarus1",
            "minecraft:mg_glide/music/mg03_greek_pack3_icarus2"
        ]
    },
    "glide.music.pack3_excalibur": {
        "sounds": [
            "minecraft:mg_glide/music/mg03_fantasy_pack3_excalibur1",
            "minecraft:mg_glide/music/mg03_fantasy_pack3_excalibur2"
        ]
    },
    "glide.music.pack2_body": {
        "sounds": [
            "minecraft:mg_glide/music/mg03_vanilla_pack2trackbody1",
            "minecraft:mg_glide/music/mg03_vanilla_pack2trackbody2",
            "minecraft:mg_glide/music/mg03_vanilla_pack2trackbody3"
        ]
    },
    "glide.music.pack2_shrunk": {
        "sounds": [
            "minecraft:mg_glide/music/mg03_plastic_pack2trackshrunk1",
            "minecraft:mg_glide/music/mg03_plastic_pack2trackshrunk2",
            "minecraft:mg_glide/music/mg03_plastic_pack2trackshrunk3"
        ]
    },
    "glide.music.map7": {
        "sounds": [
            "minecraft:mg_glide/music/mg03_vanilla_map7track1"
        ]
    },
    "glide.music.map6": {
        "sounds": [
            "minecraft:mg_glide/music/mg03_vanilla_map6track1"
        ]
    },
    "glide.music.map5": {
        "sounds": [
            "minecraft:mg_glide/music/mg03_vanilla_map5track1"
        ]
    },
    "glide.music.map4": {
        "sounds": [
            "minecraft:mg_glide/music/mg03_vanilla_map4track1"
        ]
    },
    "glide.music.map3": {
        "sounds": [
            "minecraft:mg_glide/music/mg03_vanilla_map3track1"
        ]
    },
    "glide.music.map2": {
        "sounds": [
            "minecraft:mg_glide/music/mg03_vanilla_map2track1"
        ]
    },
    "glide.music.map1": {
        "sounds": [
            "minecraft:mg_glide/music/mg03_vanilla_map1track1"
        ]
    },
    "glide.music": {
        "sounds": [
            "minecraft:mg_glide/music/mg03_vanilla_map1track1",
            "minecraft:mg_glide/music/mg03_vanilla_map2track1",
            "minecraft:mg_glide/music/mg03_vanilla_map3track1",
            "minecraft:mg_glide/music/mg03_vanilla_map4track1",
            "minecraft:mg_glide/music/mg03_vanilla_map5track1",
            "minecraft:mg_glide/music/mg03_vanilla_map6track1",
            "minecraft:mg_glide/music/mg03_vanilla_map7track1"
        ]
    },
    "glide.music.canyon": {
        "sounds": [
            "minecraft:mg_glide/music/mg03_vanilla_canyon1",
            "minecraft:mg_glide/music/mg03_vanilla_canyon2",
            "minecraft:mg_glide/music/mg03_vanilla_canyon3"
        ]
    },
    





    "tumble.lavadeath": {
        "sounds": [
            "minecraft:mg_tumble/lavadeath1",
            "minecraft:mg_tumble/lavadeath2",
            "minecraft:mg_tumble/lavadeath3"
        ]
    },
    "tumble.gameend": {
        "sounds": [
            "minecraft:mg_tumble/gameend"
        ]
    },
    "tumble.gamestart": {
        "sounds": [
            "minecraft:mg_tumble/gamestart"
        ]
    },
    "tumble.shortfall": {
        "sounds": [
            "minecraft:mg_tumble/shortfall1",
            "minecraft:mg_tumble/shortfall2"
        ]
    },
    "tumble.showdown": {
        "sounds": [
            "minecraft:mg_tumble/showdown"
        ]
    },
    "tumble.cdtick": {
        "sounds": [
            "minecraft:mg_tumble/cdtick"
        ]
    },


    "tumble.music": {
        "sounds": [
            "minecraft:mg_tumble/music/mg02_01",
            "minecraft:mg_tumble/music/mg02_02",
            "minecraft:mg_tumble/music/mg02_03",
            "minecraft:mg_tumble/music/mg02_04",
            "minecraft:mg_tumble/music/mg02_05",
            "minecraft:mg_tumble/music/mg02_06",
            "minecraft:mg_tumble/music/mg02_07",
            "minecraft:mg_tumble/music/mg02_08",
            "minecraft:mg_tumble/music/mg02_09",
            "minecraft:mg_tumble/music/mg02_10"
        ]
    },




    "battle.lobbyzero": {
        "sounds": [
            "minecraft:mg_battle/lobbyzero"
        ]
    },
    "battle.showdown": {
        "sounds": [
            "minecraft:mg_battle/showdown"
        ]
    },
    "battle.startcd": {
        "sounds": [
            "minecraft:mg_battle/startcd"
        ]
    },
    "battle.celebration": {
        "sounds": [
            "minecraft:mg_battle/celebration",
            "minecraft:mg_battle/celebration2"
        ]
    },
    "battle.chest": {
        "sounds": [
            "minecraft:mg_battle/chest",
            "minecraft:mg_battle/chest2"
        ]
    },
    "battle.death": {
        "sounds": [
            "minecraft:mg_battle/death",
            "minecraft:mg_battle/death2"
        ]
    },
    "battle.gamestart": {
        "sounds": [
            "minecraft:mg_battle/gamestart"
        ]
    },
    "battle.grace": {
        "sounds": [
            "minecraft:mg_battle/grace"
        ]
    },
    "battle.gracezero": {
        "sounds": [
            "minecraft:mg_battle/gracezero"
        ]
    },
    "battle.lobby": {
        "sounds": [
            "minecraft:mg_battle/lobby",
            "minecraft:mg_battle/lobbyaccent"
        ]
    },

    "battle.music.western": {
        "sounds": [
            "minecraft:mg_battle/music/mg01_vanilla_western_theoutlaw",
            "minecraft:mg_battle/music/mg01_vanilla_western_sunsetriders",
            "minecraft:mg_battle/music/mg01_vanilla_western_desertduel"
        ]
    },
    "battle.music.shrunk": {
        "sounds": [
            "minecraft:mg_battle/music/mg01_plastic_shrunk_masterbuilders"
        ]
    },
    "battle.music.bedroom": {
        "sounds": [
            "minecraft:mg_battle/music/mg01_plastic_bedroom_toysonatear",
            "minecraft:mg_battle/music/mg01_plastic_bedroom_danceotblocks"
        ]
    },
    "battle.music.lelantos": {
        "sounds": [
            "minecraft:mg_battle/music/mg01_lelantos"
        ]
    },
    "battle.music.homados": {
        "sounds": [
            "minecraft:mg_battle/music/mg01_homados"
        ]
    },
    "battle.music.halloween": {
        "sounds": [
            "minecraft:mg_battle/music/mg01_halloween_warpedworld",
            "minecraft:mg_battle/music/mg01_halloween_happyhalloween",
            "minecraft:mg_battle/music/mg01_halloween_ghostsinthetower"
        ]
    },
    "battle.music.festive": {
        "sounds": [
            "minecraft:mg_battle/music/mg01_festive_wondrousworkshop",
            "minecraft:mg_battle/music/mg01_festive_giftwrapped",
            "minecraft:mg_battle/music/mg01_festive_crafterscandycanes"
        ]
    },
    "battle.music.britomartis": {
        "sounds": [
            "minecraft:mg_battle/music/mg01_britomartis"
        ]
    },
    "battle.music": {
        "sounds": [
            "minecraft:mg_battle/music/mg01_01",
            "minecraft:mg_battle/music/mg01_02",
            "minecraft:mg_battle/music/mg01_03",
            "minecraft:mg_battle/music/mg01_04"
        ]
    }
}
